veri_id,veri_adi,grup_id,senaryo_aciklamasi
1,Tarımsal Alan Büyüklüğü,3,"""Tarımsal Alan Büyüklüğü"", bir ilin sahip olduğu toplam tarımsal üretim alanının büyüklüğünü ifade eder. Genellikle dekar veya hektar cinsinden ölçülür. Bu alanın içine işlenen tarlalar (tahıl, baklagiller, sanayi bitkileri vb.) ve uzun ömürlü bitkilerin (meyve bahçeleri, zeytinlikler, bağlar vb.) kapladığı araziler dahildir. Esasen, ilin tarımsal üretim için kullanılabilecek fiziksel kapasitesini ve ölçeğini gösterir."
2,Tarımsal Üretim Miktarı,3,"""Tarımsal Üretim Miktarı"", bir ilin bir yıl içerisinde ürettiği tüm tarımsal ürünlerin toplam ekonomik değerini ifade eder. Bu, sadece üretilen miktar (ton) değil, o miktarın piyasa fiyatlarıyla çarpılmasıyla elde edilen parasal değerdir (TL)."
3,Nüfus Yoğunluğu,1,"Nüfus yoğunluğu, bir ilin coğrafi sınırları içinde birim alana (genellikle kilometrekare) düşen ortalama insan sayısını ifade eder. Bu, bir bölgenin ne kadar ""kalabalık"" veya ""seyrek"" olduğunu gösteren temel bir demografik ve coğrafi ölçüttür"
4,Tarımdaki İşgücü Oranı,8,"""Tarım İşgücü Oranı"", bir ildeki toplam istihdamın ne kadarlık bir kısmının tarımsal faaliyetlerde çalıştığını gösteren temel bir sosyo-ekonomik göstergedir. Bu oran, ildeki tarım, ormancılık ve balıkçılık sektörlerinde çalışan kişi sayısının, o ildeki toplam çalışan kişi sayısına bölünmesi ve sonucun 100 ile çarpılmasıyla yüzde (%) olarak hesaplanır. Yüksek bir oran, il ekonomisinin ve toplumsal yapısının büyük ölçüde tarıma dayalı olduğunu, geleneksel bir ekonomik yapıya sahip olduğunu ve bu alanda tecrübeli geniş bir işgücünün varlığını gösterir. Düşük bir oran ise, ekonominin sanayi ve hizmetler sektörüne doğru çeşitlendiği, daha kentleşmiş veya endüstrileşmiş bir yapıya işaret eder."
5,Eğitimli Nüfus Oranı,6,"""Eğitimli Nüfus Oranı"", bir ildeki belirli bir yaş grubundaki (genellikle 25 yaş ve üzeri) nüfusun ne kadarlık bir kısmının yükseköğretim seviyesinde (üniversite veya daha üstü) bir eğitim programını tamamladığını gösteren kritik bir beşeri sermaye göstergesidir. Bu oran, ildeki yüksekokul, fakülte, yüksek lisans veya doktora mezunu olan kişi sayısının, o ildeki 25 yaş ve üzeri toplam nüfusa bölünmesi ve sonucun 100 ile çarpılmasıyla yüzde (%) olarak hesaplanır. Yüksek bir oran, ilin yüksek nitelikli bir ""beyin gücü"" havuzuna sahip olduğunu, bilgiye dayalı ve teknoloji-yoğun sektörler için çekici bir yatırım ortamı sunduğunu ve inovasyon kapasitesinin yüksek olduğunu gösterir."
6,GSYİH'daki Tarımın Payı,3,"""GSYİH'daki Tarımın Payı"", bir ilin toplam ekonomik çıktısı içinde tarım, ormancılık ve balıkçılık sektörlerinin ne kadar yer tuttuğunu gösteren yapısal bir ekonomik göstergedir. Bu oran, ildeki tarım, ormancılık ve balıkçılık sektörlerinin yarattığı toplam ""Gayrisafi Katma Değer""in (GSKD), o ilin ""Gayrisafi Yurt İçi Hasılası""na (GSYİH) bölünmesi ve sonucun 100 ile çarpılmasıyla yüzde (%) olarak ifade edilir. Yüksek bir oran, il ekonomisinin agrar karakterde olduğunu ve büyük ölçüde tarımsal faaliyetlere dayandığını ortaya koyarken; düşük bir oran ise ekonominin sanayi ve hizmetler sektörleri lehine çeşitlendiğini ve daha modernize bir yapıya sahip olduğunu gösterir."
7,Tarımdaki Girişim Sayısı,3,"""Tarımdaki Girişim Sayısı"", bir ilde tarım, ormancılık ve balıkçılık ana faaliyet kolunda (NACE Rev. 2 Sınıflamasına göre 'A' Sektörü) resmi olarak kayıtlı olan işletme veya ""girişim"" sayısını ifade eden bir ekonomik yapı göstergesidir. Bu metrik, ildeki tarımsal ekosistemin ne kadar geniş ve tabana yayılmış olduğunu ölçer; bireysel çiftçilerden büyük tarım işletmelerine kadar tüm kayıtlı ekonomik birimleri kapsar. Girişim sayısının yüksek olması, genellikle o ilde tarımsal faaliyetlerin yoğun olduğunu ve çok sayıda bağımsız üreticinin bulunduğunu gösterirken, bu durum aynı zamanda sektörün parçalı bir yapıda olabileceğine de işaret edebilir. Düşük bir sayı ise sektörün daha küçük ölçekli olduğuna veya daha az sayıda büyük işletme tarafından domine edildiğine işaret edebilir."
8,Mevsimsellik Skoru,13,"""Mevsimsellik Skoru"", bir ilin ikliminin yıl boyunca ne kadar dengeli, ılıman ve belirgin dört mevsime sahip olduğunu ölçen kompozit bir endekstir. Bu skor, genellikle yaz ve kış ayları arasındaki ortalama sıcaklık farkları, aşırı hava olaylarının (aşırı sıcaklar, don olayları vb.) sıklığı ve yıl içindeki ""konforlu gün"" sayısı gibi birden fazla meteorolojik verinin birleştirilmesiyle oluşturulur. Yüksek bir skor, ilin sert iklim koşullarından uzak, dört mevsimin de yaşanabildiği, öngörülebilir ve insan yaşamı için konforlu bir iklime sahip olduğunu gösterir. Bu durum, hem bölgenin nitelikli personel için çekiciliğini (yaşam kalitesini) artırır hem de çeşitli tarımsal faaliyetler için elverişli bir ortam sunar."
9,Yağışlı Gün Sayısı,13,"""Yağışlı Gün Sayısı"", bir ilde yıl boyunca, belirli bir eşik değerin üzerinde yağış (yağmur, kar, dolu vb.) kaydedilen toplam gün sayısını ifade eden bir klimatoloji metriğidir. Meteorolojik standartlara göre bir günün ""yağışlı"" sayılması için genellikle 24 saat içinde 1.0 mm veya daha fazla yağış alması gerekir. Bu metrik, bölgenin genel nemliliği, su kaynaklarının sürdürülebilirliği ve tarımsal potansiyeli hakkında önemli bilgiler sunar. Yüksek bir sayı, su kaynaklarının zenginliğine ve sulamaya daha az ihtiyaç duyan bir tarım yapısına işaret ederken, turizm ve güneş enerjisi potansiyelini olumsuz etkileyebilir. Düşük bir sayı ise, kuraklığa yatkın bir iklimi ve su yönetimi teknolojilerine olan ihtiyacı gösterebilir."
10,Kuraklık İndisi,13,"""Kuraklık İndisi"", bir bölgedeki kuraklığın şiddetini, süresini ve coğrafi yayılımını standart bir ölçekte ölçmek için kullanılan bilimsel bir göstergedir. Bu endeks, tek bir yağış verisinden ziyade, genellikle Standartlaştırılmış Yağış İndeksi (SPI) gibi yöntemlerle, incelenen dönemin (örneğin, son 3, 6 veya 12 ay) toplam yağış miktarını, o bölgenin uzun yıllara dayanan tarihsel yağış ortalamalarıyla karşılaştırarak hesaplanır. Sonuç, genellikle negatif değerlerin kuraklığı (sayı ne kadar düşükse kuraklık o kadar şiddetlidir), pozitif değerlerin ise normalden daha yağışlı bir dönemi gösterdiği sayısal bir skor olarak ifade edilir. Düşük veya negatif bir kuraklık indisi, ilin su kıtlığı riskinin yüksek olduğunu, tarımsal verimliliğin tehlike altında olduğunu ve su yönetimi ile verimli sulama teknolojilerine olan ihtiyacın kritik seviyede olduğunu gösterir."
11,Baraj Doluluk Oranı,15,"""Baraj Doluluk Oranı"", bir ildeki barajlarda bulunan mevcut su hacminin, bu barajların maksimum depolama kapasitesine oranını yüzde (%) olarak ifade eden bir su kaynakları yönetimi göstergesidir. Bu oran, il sınırları içerisindeki tüm barajların anlık olarak depoladığı toplam su miktarının, bu barajların teknik olarak depolayabileceği en yüksek su miktarına bölünmesiyle hesaplanır. Yüksek bir doluluk oranı, ilin içme, sulama ve sanayi suyu ihtiyacını karşılayacak yeterli yüzey suyu rezervine sahip olduğunu ve su güvenliğinin yüksek olduğunu gösterir. Düşük bir oran ise, su kıtlığı riskine, kuraklık tehlikesine ve tarım ile sanayi gibi suya bağımlı sektörler için potansiyel üretim kısıtlamalarına işaret ederek su verimliliği ve yönetimi teknolojilerine olan acil ihtiyacı vurgular."
12,Baraj Sayısı,15,"""Baraj Sayısı"", bir ilin coğrafi sınırları içerisinde yer alan, su depolama, enerji üretimi, sulama veya taşkın kontrolü gibi amaçlarla inşa edilmiş büyük barajlardan küçük göletlere kadar tüm su yapılarının toplam adetini ifade eden bir altyapı göstergesidir. Bu metrik, ilin su kaynaklarını yönetme ve depolama konusundaki altyapı zenginliğini ve bu alana tarihsel olarak yapılmış olan yatırımın boyutunu gösterir. Yüksek bir sayı, genellikle tarımsal sulama, içme suyu temini ve hidroelektrik enerji potansiyeli için geniş bir altyapı ağına işaret eder. Ancak, bu gösterge barajların büyüklüğü veya toplam depolama kapasitesi hakkında doğrudan bilgi vermediği için, tek başına kullanıldığında yanıltıcı olabilir; bu nedenle genellikle ""Baraj Doluluk Oranı"" veya ""Toplam Su Depolama Kapasitesi"" gibi metriklerle birlikte değerlendirildiğinde daha anlamlı sonuçlar verir."
13,Üniversite Kalite Endeksi,6,"""Üniversite Kalite Endeksi"", bir ilde bulunan yükseköğretim kurumlarının genel akademik performansını, araştırma çıktılarını ve ulusal/uluslararası alandaki saygınlığını bir araya getirerek tek bir standart puanda özetleyen kompozit bir göstergedir. Bu endeks genellikle, üniversitelerin URAP gibi ulusal sıralamalardaki yeri, akademisyen başına düşen bilimsel yayın ve atıf sayısı, öğrenci/akademisyen oranı, mezunlarının niteliği ve AR-GE projeleri için aldığı fon miktarı gibi birden çok performans kriterinin ağırlıklandırılmasıyla oluşturulur. Yüksek bir endeks puanı, ilin güçlü bir akademik ekosisteme, yüksek nitelikli bir ""beyin gücü"" potansiyeline ve sanayi ile iş birliği yapma kapasitesi yüksek üniversitelere sahip olduğunu gösterir. Bu durum, özellikle AR-GE merkezleri ve teknoloji odaklı yatırımlar için o ili son derece çekici kılar."
14,Üniversite Sayısı,6,"""Üniversite Sayısı"", bir ilin coğrafi sınırları içerisinde yer alan, Yükseköğretim Kurulu (YÖK) tarafından tanınan devlet, vakıf ve meslek yüksekokulu statüsündeki tüm yükseköğretim kurumlarının toplam adetini ifade eden bir altyapı göstergesidir. Bu metrik, ildeki yükseköğretim altyapısının niceliksel genişliğini, çeşitliliğini ve öğrenci popülasyonunu çekme kapasitesini gösterir. Yüksek bir sayı, genellikle daha fazla akademik seçenek ve daha geniş bir kampüs ekosisteminin varlığına işaret eder. Ancak, bu gösterge tek başına kurumların akademik kalitesi, araştırma kapasitesi veya prestiji hakkında bilgi vermez; yalnızca niceliksel bir ölçüttür. Bu nedenle, bir ilin ""beyin gücü"" potansiyelini tam olarak anlamak için ""Üniversite Kalite Endeksi"" ve ""Akademisyen Sayısı"" gibi niteliksel metriklerle birlikte değerlendirilmesi kritik öneme sahiptir."
15,Lisansüstü Aktif Öğrenci Sayısı,6,"""Lisansüstü Aktif Öğrenci Sayısı"", bir ildeki üniversitelerde, lisans eğitimini tamamladıktan sonraki akademik seviyeler olan Yüksek Lisans (Tezli/Tezsiz Master) ve Doktora (PhD) programlarına kayıtlı ve aktif olarak öğrenim görmekte olan toplam öğrenci sayısını ifade eden bir beşeri sermaye göstergesidir. Bu metrik, ilin mevcut akademik ve araştırma potansiyelinin ötesinde, gelecekteki ""beyin gücü""nü ve AR-GE işgücü arzını doğrudan ölçer. Yüksek lisans ve doktora öğrencilerinin sayısı, o ildeki üniversitelerin belirli uzmanlık alanlarındaki derinliğini, araştırma altyapısının gücünü ve yeni nesil akademisyenler ile yüksek nitelikli uzmanları yetiştirme kapasitesini yansıtır. Bu nedenle, özellikle ""İleri Teknoloji ve AR-GE Merkezi"" gibi inovasyon odaklı yatırım senaryoları için, bölgedeki potansiyel araştırmacı ve uzman havuzunun en güncel ve en net göstergesi olarak kabul edilir."
16,Akademisyen Sayısı,6,"""Akademisyen Sayısı"", bir ilde bulunan üniversiteler ve bunlara bağlı yükseköğretim kurumlarında tam zamanlı olarak görev yapan Profesör, Doçent, Doktor Öğretim Üyesi, Öğretim Görevlisi ve Araştırma Görevlisi gibi tüm akademik personelin toplam sayısını ifade eden bir beşeri sermaye göstergesidir. Bu metrik, ilin mevcut ""beyin gücü"" stokunu, bilimsel araştırma ve geliştirme (AR-GE) yapma kapasitesini ve yüksek düzeyde bilgi üretme potansiyelini doğrudan ölçer. Yüksek bir akademisyen sayısı, o ilde sanayinin danışmanlık alabileceği, ortak projeler yürütebileceği ve nitelikli personel temin edebileceği zengin bir uzman havuzunun varlığına işaret eder. Bu nedenle, özellikle ""İleri Teknoloji ve AR-GE Merkezi"" gibi senaryolarda, ilin inovasyon ekosisteminin temel direklerinden biri olarak kabul edilir ve ""Lisans Üstü Öğrenci Sayısı"" metriğini tamamlayarak hem mevcut hem de gelecekteki yetenek potansiyelini bütünsel bir şekilde ortaya koyar."
17,Kişi Başına Düşen GSYİH,11,"""Kişi Başına Düşen GSYİH"" (Gayrisafi Yurt İçi Hasıla), bir ilin belirli bir yılda ürettiği toplam ekonomik değerin, o ilin toplam nüfusuna bölünmesiyle elde edilen ve bölgedeki ortalama refah seviyesi ile ekonomik verimliliği ölçen temel bir makroekonomik göstergedir. TÜİK tarafından hesaplanan ilin toplam GSYİH değerinin, yine TÜİK tarafından açıklanan yıl ortası toplam nüfusuna bölünmesiyle bulunur ve genellikle TL veya karşılaştırma için Dolar cinsinden ifade edilir. Yüksek bir kişi başına düşen GSYİH değeri, o ildeki ekonominin yüksek katma değer ürettiğine, verimli olduğuna ve halkın ortalama gelir düzeyinin ve alım gücünün yüksek olduğuna işaret eder. Bu durum, o ili yeni yatırımlar için hem güçlü bir pazar hem de sağlam bir ekonomik temel sunması açısından çekici hale getirir."
18,Ar-Ge Merkezi Sayısı,14,"""Ar-Ge Merkezi Sayısı"", bir ilde, Türkiye Cumhuriyeti Sanayi ve Teknoloji Bakanlığı tarafından 5746 sayılı kanun kapsamında belirli kriterleri karşılayarak tescil edilmiş ve aktif olarak faaliyet gösteren resmi Ar-Ge merkezi sayısını ifade eden bir inovasyon göstergesidir. Bu metrik, ildeki özel sektör firmalarının teknoloji ve yenilik geliştirmeye yönelik yaptıkları kurumsal yatırımın en somut ölçütüdür. Yüksek bir Ar-Ge merkezi sayısı, o ilde sadece fikirlerin değil, aynı zamanda bu fikirleri ürüne dönüştürme kapasitesine sahip, teknoloji odaklı bir sanayi ekosisteminin varlığına ve özel sektör tarafından istihdam edilen önemli bir araştırmacı ve mühendis havuzuna işaret eder. Bu nedenle, ilin inovasyon kapasitesini ve teknoloji üretme potansiyelini ölçerken, ""Patent Sayısı"" gibi çıktı odaklı metrikleri ve ""Akademisyen Sayısı"" gibi akademik potansiyel metriklerini tamamlayan kritik bir kurumsal yetkinlik göstergesi olarak kabul edilir."
19,Tasarım Merkezi Sayısı,14,"""Tasarım Merkezi Sayısı"", bir ilde, Ar-Ge Merkezleri gibi, Türkiye Cumhuriyeti Sanayi ve Teknoloji Bakanlığı tarafından 5746 sayılı kanun kapsamında tescil edilmiş ve aktif olarak faaliyet gösteren resmi Tasarım Merkezi sayısını ifade eden bir inovasyon ve sanayi yetkinliği göstergesidir. Bu metrik, ildeki firmaların sadece teknolojik araştırma ve geliştirmeye değil, aynı zamanda endüstriyel tasarım, ürün estetiği, kullanıcı deneyimi (UX) ve markalaşma gibi katma değeri yüksek faaliyetlere yaptıkları kurumsal yatırımı ölçer. Yüksek bir sayı, o ilde ürünlerin sadece işlevsel değil, aynı zamanda estetik ve kullanıcı odaklı olarak geliştirildiği, rekabet gücü yüksek bir sanayi kültürünün varlığına işaret eder. Bu nedenle, ""Ar-Ge Merkezi Sayısı"" metriğini tamamlayarak, bir ilin inovasyon ekosisteminin hem teknolojik derinliğini hem de tasarımsal ve pazara yönelik yetkinliğini bütünsel bir bakış açısıyla ortaya koyar."
20,Teknoloji Geliştirme Bölgesi Sayısı,14,"""Teknoloji Geliştirme Bölgesi Sayısı"", bir ilde, 4691 sayılı kanun uyarınca kurulan ve genellikle ""Teknopark"" olarak bilinen, teknoloji odaklı firmaları, araştırma kurumlarını ve üniversiteleri aynı çatı altında buluşturarak sinerji yaratmayı amaçlayan özel bölgelerin toplam sayısını ifade eder. Bu metrik, ildeki organize inovasyon ekosisteminin ve teknoloji altyapısının en önemli göstergesidir. Bir TGB'nin varlığı, o ilde teknoloji firmaları için tasarlanmış fiziksel altyapının, kuluçka merkezlerinin, teknoloji transfer ofislerinin ve girişimcilik kültürünün bulunduğuna işaret eder. Dolayısıyla, ""Ar-Ge Merkezi Sayısı"" gibi bireysel firma yetkinliklerinin ötesinde, ilin bir bütün olarak teknoloji ve inovasyon için ne kadar çekici ve destekleyici bir merkez olduğunu ölçen makro düzeyde bir gösterge olarak kabul edilir."
21,Patent Başvurusu Sayısı,14,"""Patent Başvurusu Sayısı"", bir ilde yerleşik kişi veya kurumlar tarafından son on yıllık dönemde Türk Patent ve Marka Kurumu'na (TÜRKPATENT) yapılmış olan toplam patent başvurusu adedini ifade eden, en somut inovasyon çıktısı göstergelerinden biridir. Bu metrik, bir ildeki teknolojik buluş yapma kapasitesini, AR-GE faaliyetlerinin verimliliğini ve fikri mülkiyet bilincini doğrudan ölçer. Yüksek bir başvuru sayısı, o ilde sadece teorik bilgi üretilmediğini, aynı zamanda bu bilginin sanayiye uygulanabilir, yeni ve özgün ürün veya süreçlere dönüştürüldüğünün güçlü bir kanıtıdır. Bu nedenle, bir ilin teknoloji üretme ve bu teknolojiyi ekonomik bir değere dönüştürme potansiyelini analiz ederken, ""Akademisyen Sayısı"" gibi girdi odaklı metrikleri tamamlayan, en önemli sonuç ve çıktı odaklı göstergelerden biri olarak kabul edilir."
22,Faydalı Model Başvuru Sayısı,14,"""Faydalı Model Başvuru Sayısı"", bir ilde yerleşik kişi veya kurumlar tarafından son on yıllık dönemde Türk Patent ve Marka Kurumu'na (TÜRKPATENT) yapılmış olan toplam faydalı model başvurusu adedini ifade eder. Genellikle ""küçük patent"" olarak da bilinen faydalı model, patentten farklı olarak ""buluş basamağı"" (aşikar olmama) kriterini aramaz ve daha çok mevcut ürünler üzerinde yapılan pratik geliştirme ve iyileştirmeleri koruma altına alır. Bu metrik, özellikle KOBİ'lerin (Küçük ve Orta Büyüklükteki İşletmeler) ve imalat sanayinin tabana yayılmış yenilikçilik kapasitesini ve pratik problem çözme yeteneğini ölçmek için son derece değerli bir göstergedir. Yüksek bir sayı, ildeki sanayinin sadece büyük buluşlar peşinde olmadığını, aynı zamanda sürekli olarak ürün ve süreçlerini daha verimli ve kullanışlı hale getirme çabası içinde olduğunu gösterir."
23,İhracat Performans Puanı,11,"""İhracat Performans Puanı"", bir ilin ürettiği mal ve hizmetleri uluslararası pazarlara satma kapasitesini ve küresel rekabet gücünü ölçen bir ekonomik performans göstergesidir. Bu skor genellikle, ilin toplam ihracat değerinin (Dolar bazında) yanı sıra, kişi başına düşen ihracat miktarı, ihraç edilen ürün çeşitliliği ve toplam ihracat içindeki yüksek teknolojili ürünlerin payı gibi birden fazla faktörün birleştirilmesiyle oluşturulur. Yüksek bir ihracat skoru, o ildeki sanayi ve tarım sektörlerinin uluslararası standartlarda üretim yapabildiğini, güçlü bir lojistik altyapısına sahip olduğunu ve küresel ekonomiyle entegre, dinamik bir iş ortamı barındırdığını gösterir. Bu durum, ilin ekonomik yapısının sağlamlığının ve dış pazarlara yönelik üretim yetkinliğinin en önemli kanıtlarından biridir."
24,"Sosyoekonomik Gelişim Endeksi ",5,"""Sosyoekonomik Gelişim Endeksi"" (SEGE), Türkiye Cumhuriyeti Sanayi ve Teknoloji Bakanlığı tarafından hazırlanan ve ülkedeki illeri çok sayıda farklı değişkeni kullanarak bütüncül bir gelişmişlik düzeyine göre sıralayan kapsamlı bir kompozit göstergedir. Bu endeks, bir ilin sadece ekonomik büyüklüğünü değil, aynı zamanda demografi, istihdam, eğitim, sağlık, rekabetçilik, mali durum ve yaşam kalitesi gibi birçok ana boyuttaki performansını bir araya getirir. Yüksek bir SEGE skoru veya sıralaması, o ilin ekonomik olarak müreffeh, altyapısal olarak gelişmiş, beşeri sermayesi güçlü ve yaşam standartları yüksek, çok yönlü bir yapıya sahip olduğunu gösterir. Bu nedenle, bir ilin genel yatırım ikliminin ne kadar elverişli ve sürdürülebilir olduğunun en bütüncül ve en muteber ölçütlerinden biri olarak kabul edilir ve yatırımcılar için genel risk ve fırsat seviyesini anlamada kilit bir rol oynar."
25,Asayiş & Güvenli Şehirler Endeksi,5,"""Asayiş ve Güvenli Şehirler Endeksi"", bir ildeki genel kamu düzenini, güvenlik seviyesini ve sosyal istikrarı ölçmeyi amaçlayan kompozit bir göstergedir. Bu endeks, genellikle o ilde yüz bin kişi başına düşen suç oranları (cinayet, hırsızlık, yaralama vb.), trafik kazası sayıları ve benzeri asayiş olaylarının istatistiksel verilerinin bir araya getirilmesiyle oluşturulur. Yüksek bir skor, ilin düşük suç oranlarına sahip, öngörülebilir ve güvenli bir sosyal çevre sunduğunu gösterir. Bu durum, sadece vatandaşlar için yüksek bir yaşam kalitesi anlamına gelmekle kalmaz, aynı zamanda işletmeler için daha düşük operasyonel risk, daha güvenli bir tedarik zinciri ve özellikle nitelikli personeli bölgeye çekme ve elde tutma konusunda önemli bir rekabet avantajı sağlar."
26,Yaşam Kalitesi Endeksi,5,"""Yaşam Kalitesi Endeksi"", bir ildeki bireylerin genel refahını, mutluluğunu ve memnuniyetini ölçmek amacıyla oluşturulan çok boyutlu kompozit bir göstergedir. Bu endeks, kişi başına düşen GSYİH gibi sadece ekonomik faktörleri değil, aynı zamanda eğitim olanakları, sağlık hizmetlerine erişim, konut kalitesi, çevresel temizlik, güvenlik ve asayiş durumu, kültürel ve sosyal yaşamın canlılığı gibi hayatın farklı alanlarındaki performansı bir araya getirir. Yüksek bir yaşam kalitesi skoru, o ilin sadece iş yapmak için değil, aynı zamanda yaşamak, aile kurmak ve sosyal hayata katılmak için de son derece elverişli bir ortam sunduğunu gösterir. Bu nedenle, özellikle ""İleri Teknoloji ve AR-GE Merkezi"" gibi, dünyanın dört bir yanından en nitelikli yetenekleri çekmeyi ve elde tutmayı gerektiren yatırımlar için en önemli çekim faktörlerinden ve rekabet avantajlarından biri olarak kabul edilir."
27,Elektrik Altyapısı Skoru,4,"""Elektrik Altyapısı Skoru"", bir ilin sanayi ve üretim faaliyetlerini destekleme konusundaki elektrik şebekesinin genel kapasitesini, güvenilirliğini ve kalitesini ölçen kompozit bir göstergedir. Bu skor, genellikle TEİAŞ tarafından yayınlanan bölgenin gelecekteki ""bağlanabilir kapasitesi (MW)"", mevcut sanayi elektrik tüketiminin yüksekliği (şebekenin mevcut yüke dayanıklılığını gösterir) ve enerji dağıtım bedellerinin düşüklüğü (verimli bir dağıtım ağını işaret eder) gibi birden fazla teknik ve operasyonel metriğin birleştirilmesiyle oluşturulur. Yüksek bir skor, ilin yeni kurulacak büyük ölçekli ve enerji-yoğun tesislere (Giga-Fabrikalar, elektrolizörler vb.) kesintisiz ve yeterli enerjiyi sağlayabilecek sağlam bir altyapıya sahip olduğunu gösterir. Bu durum, yatırımcılar için üretim kesintisi riskini en aza indiren ve operasyonel verimliliği garanti eden en temel ve en kritik faktörlerden biri olarak kabul edilir."
28,Limana Yakınlık,10,"""Limana Yakınlık"", bir ilin ana ekonomik merkezinden (genellikle en büyük Organize Sanayi Bölgesi veya il merkezi), uluslararası ticaret için kritik öneme sahip olan en yakın büyük konteyner veya dökme yük limanına olan karayolu mesafesini (km) ifade eden bir lojistik altyapı göstergesidir. Bu metrik, bir ilin küresel tedarik zincirlerine ne kadar verimli bir şekilde entegre olabildiğini doğrudan ölçer. Düşük bir mesafe, hem üretim için gerekli hammaddelerin ithalatında hem de üretilen nihai ürünlerin ihracatında daha düşük taşıma maliyetleri, daha kısa sevkiyat süreleri ve daha az lojistik risk anlamına gelir. Bu nedenle, özellikle ""Giga-Fabrika"" ve ""Yeşil Hidrojen"" gibi ihracat potansiyeli yüksek yatırım senaryoları için en kritik rekabet avantajlarından biri olarak kabul edilir ve ilin dış ticaret kapasitesinin temel belirleyicisidir."
29,Havaalanına Yakınlık,10,"""Havaalanına Yakınlık"", bir ilin ana ekonomik merkezinden, özellikle uluslararası uçuşlara ve kargo hizmetlerine sahip en yakın havalimanına olan karayolu mesafesini (km) ifade eden bir lojistik ve erişilebilirlik göstergesidir. Bu metrik, ilin ulusal ve uluslararası ulaşım ağına ne kadar hızlı bağlandığını ölçer. Düşük bir mesafe, yöneticilerin, nitelikli personelin ve müşterilerin seyahat kolaylığını artırırken; elektronik, medikal ürünler gibi yüksek değerli veya acil ihtiyaç duyulan kargoların hızlı bir şekilde sevk edilmesine olanak tanır. Bu nedenle, ""Limana Yakınlık"" metriği ağır sanayi ve emtia ticareti için kritikken, ""Havaalanına Yakınlık"" özellikle ""İleri Teknoloji ve AR-GE Merkezi"" gibi ""beyin gücü"" odaklı ve küresel etkileşim gerektiren yatırım senaryoları için hayati bir rekabet avantajı olarak kabul edilir."
30,Karayolu Uzunluğu,10,"Karayolu Uzunluğu"", bir ilin sınırları içerisinde yer alan otoyol, bölünmüş yol, devlet ve il yolu gibi tüm karayolu ağının toplam uzunluğunu kilometre (km) cinsinden ifade eden bir fiziksel altyapı göstergesidir. Bu metrik, sadece toplam uzunluğu değil, aynı zamanda bu ağın kalitesini de yansıtır; özellikle yüksek hızlı ve yüksek kapasiteli olan ""otoyol"" ve ""bölünmüş yol"" uzunlukları, ilin yurt içi lojistik kapasitesinin en önemli belirleyicisidir. Yüksek ve kaliteli bir karayolu ağı, hammadde ve nihai ürünlerin ülke içinde hızlı, düşük maliyetli ve güvenli bir şekilde taşınmasını sağlayarak yatırım ortamını iyileştirir. Bu verinin, ilin yüzölçümüne bölünmesiyle elde edilen ""Yol Yoğunluğu"" ise, farklı büyüklükteki iller arasında daha adil bir karşılaştırma yapılmasına olanak tanır ve altyapının ne kadar yaygın olduğunu gösterir."
31,Yatırım Teşvik Endeksi,12,"""Yatırım Teşvik Endeksi"", bir ilin, Türkiye Cumhuriyeti Sanayi ve Teknoloji Bakanlığı tarafından yönetilen Yatırım Teşvik Sistemi kapsamında hangi gelişmişlik bölgesinde yer aldığını ve dolayısıyla yatırımcıların o ilde ne düzeyde devlet desteğinden faydalanabileceğini gösteren bir skordur. Bu sistem, illeri genellikle 1. Bölge'den (en gelişmiş, en az teşvik) 6. Bölge'ye (en az gelişmiş, en çok teşvik) kadar sınıflandırır ve yatırımcılara KDV istisnası, gümrük vergisi muafiyeti, vergi indirimi, SGK primi işveren hissesi desteği ve bedelsiz yatırım yeri tahsisi gibi çeşitli avantajlar sunar. Yüksek bir endeks puanı (yani, 5. veya 6. bölgede yer almak), o ilde yapılacak bir yatırımın başlangıç sermaye ve işletme maliyetlerinin devlet destekleriyle önemli ölçüde azalacağını, projenin karlılığının artacağını ve finansal riskinin düşeceğini ifade eder. Bu nedenle, bir yatırımın fizibilitesini ve geri dönüş süresini doğrudan etkileyen en önemli finansal metriklerden biridir."
32,15-29 Yaş Nüfus Oranı,1,"""15-29 Yaş Nüfus Oranı"", bir ilin toplam nüfusu içinde, genellikle ""genç nüfus"" olarak kabul edilen 15 ile 29 yaş aralığındaki bireylerin yüzdesini ifade eden temel bir demografik göstergedir. Bu oran, ildeki 15-29 yaş aralığındaki toplam kişi sayısının, o ilin genel toplam nüfusuna bölünmesi ve 100 ile çarpılmasıyla hesaplanır. Yüksek bir oran, ilin demografik olarak genç, dinamik ve büyüyen bir yapıya sahip olduğunu gösterir. Bu durum, yeni yatırımlar için hem eğitilebilir geniş bir işgücü arzı hem de yeni ürün ve hizmetler için potansiyel bir tüketici pazarı anlamına gelir ve bölgenin uzun vadeli işgücü sürdürülebilirliği açısından önemli bir avantaj olarak kabul edilir."
33,Meslek Lisesi Mezunu Sayısı,6,"""Meslek Lisesi Mezunu Sayısı"", bir ilde Milli Eğitim Bakanlığı'na bağlı olarak faaliyet gösteren Mesleki ve Teknik Anadolu Liseleri'ne (MTAL) kayıtlı olan toplam mezunu öğrenci sayısını ifade eden bir beşeri sermaye göstergesidir. Bu metrik, ilin sanayi ve üretim sektörlerinin ihtiyaç duyduğu, pratik becerilere sahip teknisyen ve ""ara eleman"" yetiştirme kapasitesinin en önemli göstergesidir. Yüksek bir öğrenci sayısı, o ilde imalat, makine, elektrik-elektronik, otomasyon ve benzeri teknik alanlarda gelecekte istihdam edilebilecek geniş ve genç bir yetenek havuzunun bulunduğuna işaret eder. Bu nedenle, özellikle ""Giga-Fabrika"" gibi büyük ölçekli üretim yatırımları için, üniversite mezunu mühendislerin yanı sıra üretimin bel kemiğini oluşturacak teknik işgücü arzının ne kadar güçlü olduğunu ölçmek için kritik bir öneme sahiptir."
34,Sanayi Derinliği Endeksi,2,"""Sanayi Derinliği Endeksi"", bir ilin ekonomisinin ne ölçüde imalat sanayine dayandığını ve sanayi ekosisteminin ne kadar geniş olduğunu ölçen kompozit bir göstergedir. Bu endeks, genellikle iki ana bileşenin birleştirilmesiyle oluşturulur: Birincisi, ilin toplam GSYİH'si içinde imalat sanayinin yarattığı katma değerin payı (ekonomik ağırlık); ikincisi ise ilde sanayi siciline kayıtlı toplam işletme sayısıdır (ekosistemin genişliği). Yüksek bir Sanayi Derinliği Endeksi, o ilin ekonomisinin lokomotifinin sanayi olduğunu, köklü bir üretim kültürüne, gelişmiş tedarik zinciri ağlarına ve sanayi alanında tecrübeli bir işgücüne sahip olduğunu gösterir. Bu durum, yeni endüstriyel yatırımlar için hem destekleyici bir iş ortamının varlığına hem de operasyonel kolaylıklara işaret eden en önemli yapısal göstergelerden biridir."
35,Arazi Maliyeti,7,"""Arazi Maliyeti"", bir ildeki sanayi ve ticari amaçlı arazi edinme maliyetlerinin ne kadar rekabetçi ve uygun olduğunu ölçen, maliyet odaklı bir fizibilite göstergesidir. Doğrudan sanayi arsası fiyatlarının 81 il için tutarlı bir şekilde bulunmasının zorluğu nedeniyle, bu metrik genellikle ilin genel emlak piyasası pahalılığını yansıtan konut metrekare fiyat endeksleri gibi güvenilir vekil (proxy) veriler kullanılarak hesaplanır. Yüksek bir skor, o ilde arazi maliyetlerinin yatırımcı için bir avantaj sunduğunu, projenin başlangıç sermaye ihtiyacını düşürdüğünü ve genel karlılığını artırdığını gösterir. Bu durum, özellikle Giga-Fabrika gibi geniş arazilere ihtiyaç duyan büyük ölçekli yatırımlar için en temel fizibilite kriterlerinden biri olarak kabul edilir."
36,Sismik Güvenlik Endeksi,13,"""Sismik Güvenlik Endeksi"", bir ilin coğrafi olarak ne kadar düşük deprem tehlikesi altında olduğunu ve sismik açıdan ne kadar güvenli bir yatırım bölgesi olduğunu ölçen bir risk göstergesidir. Bu endeks, AFAD'ın Türkiye Deprem Tehlike Haritası'nda belirtilen En Yüksek Yer İvmesi (PGA) değerlerine dayanır; düşük PGA değerlerine sahip, yani deprem riski az olan iller bu endekste en yüksek puanı alır. Yüksek bir Sismik Güvenlik Endeksi, o ilde yapılacak bir yatırımın deprem nedeniyle hasar görme veya faaliyetlerinin kesintiye uğrama riskinin düşük olduğunu gösterir. Bu durum, özellikle fabrika, enerji santrali gibi büyük ve sermaye-yoğun fiziksel yatırımlar için daha düşük sigorta maliyetleri, daha az yapısal mühendislik gereksinimi ve en önemlisi, uzun vadeli operasyonel sürdürülebilirlik ve can güvenliği anlamına gelir."
37,Güneşlenme Endeksi,4,"""Güneşlenme Endeksi"", bir ilin güneş enerjisi potansiyelini ölçen ve o bölgenin güneş enerjisine dayalı elektrik üretimi için ne kadar elverişli olduğunu gösteren bir iklim ve enerji göstergesidir. Bu endeks, genellikle iki temel veriden birine veya ikisinin birleşimine dayanır: Birincisi, ilin bir yıl boyunca aldığı toplam ""güneşlenme süresi"" (saat/yıl); ikincisi ise daha teknik bir ölçüt olan ve birim alana düşen toplam güneş enerjisi miktarını ifade eden ""küresel güneş radyasyonu""dur (kWh/m²-yıl). Yüksek bir Güneşlenme Endeksi, ilin güneş enerjisi santralleri (GES) kurmak için yüksek bir potansiyele sahip olduğunu, aynı büyüklükteki bir yatırımdan daha fazla elektrik üretebileceğini ve dolayısıyla yatırımın geri dönüş süresinin daha kısa olacağını gösterir. Bu nedenle, özellikle ""Yeşil Hidrojen"" gibi doğrudan yenilenebilir enerjiye dayalı sanayi senaryoları için en temel ve en kritik doğal kaynak göstergelerinden biridir."
38,Endüstriyel Hidrojen Talebi Skoru,2,"""Endüstriyel Hidrojen Talebi Skoru"", bir ilde, üretilecek yeşil hidrojen için potansiyel bir pazar oluşturan ve ""doğal alıcı"" (natural offtaker) olarak kabul edilen hidrojen-yoğun sanayi tesislerinin varlığını ve yoğunluğunu ölçen stratejik bir göstergedir. Bu skor, ildeki rafineri, amonyak/gübre, demir-çelik ve petrokimya gibi, mevcut üretim süreçlerinde büyük miktarlarda hidrojen tüketen veya gelecekteki karbonsuzlaşma hedefleri doğrultusunda tüketecek olan büyük sanayi kuruluşlarının sayısına ve ölçeğine dayanarak hesaplanır. Yüksek bir skor, o ilde kurulacak bir yeşil hidrojen üretim tesisinin, ürettiği hidrojeni hemen yanı başındaki tesislere satabileceği, böylece pazar ve lojistik riskini en aza indireceği anlamına gelir. Bu durum, ilin, yeni hidrojen ekonomisi için arz ve talebin bir arada bulunduğu, son derece fizibıl ve çekici bir yatırım bölgesi olduğunu gösterir."
39,Rüzgar Kapasitesi Endeksi,4,"""Rüzgar Kapasitesi Endeksi"", bir ilin rüzgar enerjisine dayalı elektrik üretimi için sahip olduğu potansiyelin kalitesini ve verimliliğini ölçen bir doğal kaynak ve enerji göstergesidir. Bu endeks, bir bölgeye kurulacak rüzgar türbininin bir yıl boyunca ne kadar verimli çalışacağını gösteren ve yatırımın karlılığını doğrudan belirleyen ""ortalama yıllık kapasite faktörü (%)"" verisini temel alır. Bunun yanı sıra, yerden 50 metre yükseklikteki ""ortalama rüzgar hızı (m/s)"" ve rüzgarın taşıdığı enerji miktarını ifade eden ""güç yoğunluğu (W/m²)"" gibi teknik verileri de içerir. Yüksek bir Rüzgar Kapasitesi Endeksi, ilin rüzgar enerjisi santralleri (RES) kurmak için hem teknik olarak uygun hem de ekonomik olarak karlı olduğunu gösterir. Bu durum, ilin, ""Yeşil Hidrojen"" üretimi gibi yenilenebilir enerjiye bağımlı büyük sanayi yatırımları için ideal bir konumda olduğunu ve sürdürülebilir enerji üretiminde önemli bir rekabet avantajına sahip olduğunu ifade eder."
40,Rekabetçi İşgücü Endeksi,8,"""Rekabetçi İşgücü Endeksi"", bir ildeki işgücü piyasasının yatırımcılar için ne kadar maliyet-etkin olduğunu ölçen bir ekonomik göstergedir. Doğrudan il bazında sanayi ücret verisi bulmanın zorluğu nedeniyle, bu endeks genellikle ilin Sosyo-Ekonomik Gelişmişlik (SEGE) skoru gibi, genel yaşam maliyeti ve ücret seviyeleriyle yüksek korelasyon gösteren vekil (proxy) verilere dayanır; daha düşük gelişmişlik seviyesi, genellikle daha rekabetçi bir işgücü maliyetine işaret eder. Yüksek bir skor, o ilde işgücü maliyetlerinin yatırımcı için bir rekabet avantajı sunduğunu, böylece işletmenin operasyonel giderlerini düşürerek genel karlılığını artırdığını gösterir. Bu metrik, ""Giga-Fabrika"" gibi emek-yoğun üretim tesisleri için yatırım kararını doğrudan etkilerken, ""Nitelikli İşgücü"" metrikleriyle birlikte değerlendirilerek ilin hem maliyet hem de yetenek açısından sunduğu toplam değerin anlaşılmasını sağlar."
41,Gelir Dağılımı Dengesi,5,"Gelir Dağılımı Dengesi"", bir ildeki toplam gelirin nüfusun farklı kesimleri arasında ne kadar adil ve dengeli bir şekilde paylaşıldığını ölçen bir sosyo-ekonomik istikrar göstergesidir. Bu endeks, genellikle uluslararası standartlarda gelir eşitsizliğini ölçmek için kullanılan ""Gini Katsayısı""nın tersine çevrilmesiyle oluşturulur. Gini katsayısı 0 (mükemmel eşitlik) ile 1 (mükemmel eşitsizlik) arasında bir değer alırken, bu endeks yüksek bir puanın daha adil bir gelir dağılımına, yani zengin ile fakir arasındaki farkın daha az olduğuna işaret etmesini sağlar. Yüksek bir denge skoru, ilde daha geniş ve güçlü bir orta sınıfın varlığına, daha yüksek bir toplumsal uyuma ve daha istikrarlı bir tüketici pazarına işaret eder. Bu durum, uzun vadeli yatırımlar için sosyal risklerin daha düşük olduğu, öngörülebilir bir ekonomik ortam olarak kabul edilir."
42,100B Kişi Başına Yatak Sayısı,9,"""100 Bin Kişi Başına Yatak Sayısı"", bir ilin sağlık altyapısının kapasitesini nüfusuna oranla ölçen standart bir halk sağlığı ve sosyal gelişmişlik göstergesidir. Bu metrik, ildeki devlet, üniversite ve özel sektöre ait tüm hastanelerdeki toplam yatak sayısının, ilin toplam nüfusuna bölünmesi ve ardından oranın 100.000 kişilik bir nüfusa göre standartlaştırılmasıyla hesaplanır. Yüksek bir değer, ilin sağlık hizmetlerine erişiminin kolay olduğunu, yeterli bir hastane kapasitesine sahip olduğunu ve genel olarak gelişmiş bir sosyal altyapı sunduğunu gösterir. Bu durum, ""Yaşam Kalitesi Endeksi""nin önemli bir bileşenidir ve özellikle nitelikli personeli ve ailelerini bölgeye çekmeyi hedefleyen yatırımlar için, ilin yaşanabilirlik seviyesini ve çekiciliğini artıran önemli bir faktör olarak değerlendirilir."
43,1M Kişi Başına Trafik Kazası Sayısı,9,"""1M Kişi Başına Trafik Kazası Sayısı"", bir ilde meydana gelen ve ölüm, yaralanma veya maddi hasarla sonuçlanan toplam trafik kazası sayısının, o ilin nüfusuna oranlanarak standartlaştırıldığı bir kamu güvenliği ve ulaşım altyapısı göstergesidir. Bu metrik, ildeki bir yıllık toplam kaza sayısının, o ilin toplam nüfusuna bölünmesi ve sonucun 1 milyon ile çarpılmasıyla hesaplanır; bu, farklı nüfus büyüklüklerine sahip iller arasında adil bir karşılaştırma yapılmasını sağlar. Yüksek bir kaza oranı, ildeki karayolu güvenliğinde, trafik yönetiminde veya altyapı kalitesinde sorunlara işaret eden negatif bir durumdur. Yatırımcılar için bu, hem çalışanların güvenliği hem de mal ve hizmetlerin taşındığı tedarik zincirinin güvenilirliği açısından artan bir operasyonel risk anlamına gelir ve aynı zamanda ilin genel yaşam kalitesini olumsuz etkileyen bir faktör olarak değerlendirilir."
44,Organik Bitkisel Üretim,3,"""Organik Bitkisel Üretim"", bir ilde, sentetik kimyasal gübre, pestisit ve genetiği değiştirilmiş organizmalar (GDO) kullanılmadan, ekolojik dengeyi gözeten ve yetkili kuruluşlarca sertifikalandırılmış tarım metotlarıyla yetiştirilen bitkisel ürünlerin toplam miktarını (ton) veya bu üretimin yapıldığı toplam alanı (dekar) ifade eder. Bu metrik, ilin geleneksel tarımın ötesinde, katma değeri yüksek, sürdürülebilir ve çevre dostu tarım uygulamalarına ne kadar adapte olduğunu gösterir. Yüksek bir organik üretim kapasitesi, o ilde hem bu alanda tecrübeli bir üretici kitlesinin varlığına hem de bu özel ürünler için oluşmuş bir pazar ve tedarik zinciri altyapısına işaret eder. Bu nedenle, ""Agri-Tech"" senaryosu için, ilin modern ve sürdürülebilir tarım teknolojilerini benimseme potansiyelini ve pazardaki sofistike seviyesini yansıtan önemli bir gösterge olarak kabul edilir."
45,Sanayi Elektrik Tüketimi,2,"""Sanayi Elektrik Tüketimi"", bir ildeki sanayi siciline kayıtlı işletmeler tarafından bir yıl içerisinde tüketilen toplam elektrik miktarını, genellikle Megawatt-saat (MWh) cinsinden ifade eden bir ekonomik faaliyet göstergesidir. Bu metrik, ildeki mevcut sanayinin üretim hacmi, kapasite kullanım oranı ve faaliyet yoğunluğu hakkında en doğrudan ve en güvenilir verilerden birini sunar. Yüksek bir tüketim değeri, o ilde büyük ölçekli ve enerji-yoğun bir sanayinin aktif olarak üretim yaptığına ve daha da önemlisi, bu talebi karşılayabilecek güçlü ve dayanıklı bir elektrik altyapısının bulunduğuna işaret eder. Bu nedenle, sadece sanayi işletmesi sayısına bakmak yerine, bu işletmelerin ne kadar ""çalıştığını"" gösteren bu veri, ilin fiili endüstriyel gücünü ve yeni, büyük bir tesisi destekleyebilme konusundaki kanıtlanmış altyapı yetkinliğini ölçmek için kullanılır."
46,Gübre Tüketimi,3,"""Gübre Tüketimi"", bir ildeki tarımsal faaliyetlerde bir yıl içerisinde kullanılan toplam kimyasal gübre miktarını, genellikle ton cinsinden ifade eden bir tarımsal girdi göstergesidir. Bu metrik, bölgedeki tarımın ne kadar yoğun (entansif) ve konvansiyonel yöntemlere dayalı olduğunun bir ölçüsüdür. Yüksek bir gübre tüketimi, ilde geniş ölçekli ve verim odaklı bir tarımsal üretimin yapıldığını, dolayısıyla tarımsal girdiler için büyük bir pazarın bulunduğunu gösterir. Aynı zamanda, ""Agri-Tech"" senaryosu açısından, bu yüksek kimyasal kullanımı, toprağı ve suyu daha az kirleten akıllı gübreleme teknolojileri, organik alternatifler ve verimlilik artırıcı çözümler için önemli bir dönüşüm ve pazar fırsatı olduğuna da işaret eder."
47,Verilen Yapı Ruhsatı Sayısı,7,"""Verilen Yapı Ruhsatı Sayısı"", bir ildeki belediyeler tarafından son beş yıllık dönemde yeni inşaat projeleri (konut, ticari, sanayi vb.) için onaylanan toplam yapı ruhsatı adedini ifade eden, geleceğe yönelik bir ekonomik aktivite ve yatırım güveni göstergesidir. Bu metrik, bölgedeki inşaat sektörünün canlılığını, yeni konut ve iş yeri talebini ve yatırımcıların ilin geleceğine dair beklentilerini yansıtır. Yüksek bir sayı, ilin fiziksel olarak büyüdüğüne, yeni yatırımlar çektiğine ve yakın gelecekte ekonomik faaliyetlerde bir artış beklendiğine dair güçlü bir sinyal verir. Bu nedenle, sadece mevcut ekonomik durumu değil, aynı zamanda gelecekteki büyüme potansiyelini ve piyasadaki genel dinamizmi ölçmek için önemli bir öncü gösterge olarak kabul edilir."
48,Ortalama Konut Satışı,7,"""Ortalama Konut Satışı"", bir ilde belirli bir zaman dilimi (genellikle aylık veya yıllık) içerisinde satılan toplam konut (daire, müstakil ev vb.) sayısını ifade eden bir ekonomik canlılık ve emlak piyasası göstergesidir. Bu metrik, ildeki konut talebinin, nüfus hareketliliğinin ve tüketici güveninin doğrudan bir ölçüsüdür. Yüksek bir satış adedi, ilin göç aldığını, yeni hanelerin kurulduğunu ve ekonominin canlı olduğunu gösterir; bu durum aynı zamanda inşaat ve ilgili hizmet sektörleri için de pozitif bir sinyaldir. Bu nedenle, bir ilin sadece sanayi veya tarım gibi üretim kapasitesini değil, aynı zamanda iç pazarının ne kadar dinamik olduğunu ve genel ekonomik sağlığının bir yansıması olan emlak piyasasının durumunu anlamak için kullanılır."
49,Nüfus Artış Skoru,1,"""Nüfus Artış Skoru"", bir ilin nüfusunun belirli bir dönemde (genellikle yıllık) ne kadar hızlı büyüdüğünü veya küçüldüğünü yüzde (%) olarak ifade eden bir demografik dinamizm göstergesidir. Bu skor, ildeki doğum ve ölüm oranları arasındaki fark olan ""doğal artış"" ile ilden aldığı ve ile verdiği göç arasındaki fark olan ""net göç""ün birleşiminden oluşur. Özellikle net göç, ilin ekonomik ve sosyal olarak ne kadar çekici olduğunun en önemli göstergelerinden biridir. Pozitif ve yüksek bir artış skoru, ilin iş imkanları yarattığına, göç aldığına ve dolayısıyla büyüyen bir işgücü arzı ile genişleyen bir tüketici pazarına sahip olduğuna işaret eder. Negatif bir skor ise, ilin göç verdiğini ve potansiyel olarak ekonomik durgunluk veya ""beyin göçü"" gibi yapısal sorunlarla karşı karşıya olabileceğini gösterir."
50,İş Gücüne Katılabilirlik Skoru,8,"""İş Gücüne Katılabilirlik Skoru"", bir ildeki çalışma çağındaki (genellikle 15 yaş ve üzeri) nüfusun ne kadarının ekonomik olarak aktif olduğunu, yani ya bir işte çalıştığını ya da aktif olarak iş aradığını gösteren temel bir işgücü piyasası göstergesidir. Bu oran, ildeki istihdam edilenler ile işsizlerin (aktif iş arayanlar) toplam sayısının, o ildeki çalışma çağındaki toplam nüfusa bölünmesiyle yüzde (%) olarak hesaplanır. Öğrenciler, ev hanımları, emekliler ve iş aramaktan vazgeçmiş olanlar bu oranın dışında kalır. Yüksek bir katılım skoru, ildeki işgücü piyasasının canlı ve dinamik olduğuna, insanların çalışmaya istekli olduğuna ve ekonomik fırsatların varlığına inandığına işaret eder. Düşük bir skor ise, potansiyel işgücünün bir kısmının ekonomik hayata dahil olamadığı, cesareti kırılmış çalışanların varlığı veya diğer yapısal sorunlar gibi daha derin ekonomik ve sosyal problemlere işaret edebilir."
51,65 Yaş Üstü Nüfus,1,"""65 Yaş Üstü Nüfus"", bir ilin toplam nüfusu içinde, Birleşmiş Milletler standartlarına göre ""yaşlı"" olarak kabul edilen 65 yaş ve üzerindeki bireylerin oranını yüzde (%) olarak ifade eden demografik bir yapı göstergesidir. Bu metrik, bir bölgenin nüfusunun ne kadar yaşlandığını ve ""yaşlı bağımlılık oranı""nı (çalışma çağındaki nüfusun bakmakla yükümlü olduğu yaşlı nüfus oranı) anlamak için kullanılır. Yüksek bir oran, uzun vadede potansiyel işgücü arzında azalma, sağlık ve sosyal güvenlik sistemleri üzerinde artan bir yük ve daha az dinamik bir tüketici pazarı gibi ekonomik zorluklara işaret edebilir. Bu nedenle, yatırımcılar için genellikle bölgenin gelecekteki işgücü sürdürülebilirliği ve pazar dinamizmi açısından bir risk faktörü olarak değerlendirilirken, düşük bir oran daha genç ve dinamik bir demografik yapıya işaret eder."